node_num,edge_num,time_taken
node_num,edge_num,0.000000
node_num,edge_num,0.000000
node_num,edge_num,0.000000
node_num,edge_num,0.000995
node_num,edge_num,0.000000
node_num,edge_num,0.000000
node_num,edge_num,0.000000
node_num,edge_num,0.000000
node_num,edge_num,0.001002
node_num,edge_num,0.000000
node_num,edge_num,0.001006
node_num,edge_num,0.000000
node_num,edge_num,0.000000
node_num,edge_num,0.000000
node_num,edge_num,0.000000
node_num,edge_num,0.000000
node_num,edge_num,0.000000
node_num,edge_num,0.000000
node_num,edge_num,0.000000
node_num,edge_num,0.000000
node_num,edge_num,0.000000
node_num,edge_num,0.000000
node_num,edge_num,0.000000
node_num,edge_num,0.000000
node_num,edge_num,0.000000
node_num,edge_num,0.000000
node_num,edge_num,0.000000
node_num,edge_num,0.001000
node_num,edge_num,0.000000
node_num,edge_num,0.001001
node_num,edge_num,0.001010
node_num,edge_num,0.000000
node_num,edge_num,0.000000
node_num,edge_num,0.001047
node_num,edge_num,0.000000
node_num,edge_num,0.000994
node_num,edge_num,0.000000
node_num,edge_num,0.000000
node_num,edge_num,0.000000
node_num,edge_num,0.000000
node_num,edge_num,0.000000
node_num,edge_num,0.000000
node_num,edge_num,0.000000
node_num,edge_num,0.000000
node_num,edge_num,0.000000
node_num,edge_num,0.000985
node_num,edge_num,0.000000
node_num,edge_num,0.000000
node_num,edge_num,0.000000
node_num,edge_num,0.000000
node_num,edge_num,0.000000
node_num,edge_num,0.000000
node_num,edge_num,0.000000
node_num,edge_num,0.000000
node_num,edge_num,0.000000
node_num,edge_num,0.000999
node_num,edge_num,0.000000
node_num,edge_num,0.000000
node_num,edge_num,0.001000
node_num,edge_num,0.001004
node_num,edge_num,0.000000
node_num,edge_num,0.001281
node_num,edge_num,0.000000
node_num,edge_num,0.000000
node_num,edge_num,0.000000
node_num,edge_num,0.000000
node_num,edge_num,0.001002
node_num,edge_num,0.000000
node_num,edge_num,0.001001
node_num,edge_num,0.000996
node_num,edge_num,0.000000
node_num,edge_num,0.000980
node_num,edge_num,0.000000
node_num,edge_num,0.000000
node_num,edge_num,0.000000
node_num,edge_num,0.000000
node_num,edge_num,0.000000
node_num,edge_num,0.000000
node_num,edge_num,0.000000
node_num,edge_num,0.000999
node_num,edge_num,0.000000
node_num,edge_num,0.000000
node_num,edge_num,0.001008
node_num,edge_num,0.001158
node_num,edge_num,0.001001
node_num,edge_num,0.000000
node_num,edge_num,0.001003
node_num,edge_num,0.000000
node_num,edge_num,0.001002
node_num,edge_num,0.001009
node_num,edge_num,0.000000
node_num,edge_num,0.001009
node_num,edge_num,0.000000
node_num,edge_num,0.000000
node_num,edge_num,0.000998
node_num,edge_num,0.000000
node_num,edge_num,0.000000
node_num,edge_num,0.000000
node_num,edge_num,0.000000
node_num,edge_num,0.000000
node_num,edge_num,0.000997
node_num,edge_num,0.000000
node_num,edge_num,0.000000
node_num,edge_num,0.000000
node_num,edge_num,0.000000
node_num,edge_num,0.000000
node_num,edge_num,0.000000
node_num,edge_num,0.000000
node_num,edge_num,0.000000
node_num,edge_num,0.000999
node_num,edge_num,0.000000
node_num,edge_num,0.000000
node_num,edge_num,0.000000
node_num,edge_num,0.000000
node_num,edge_num,0.000000
node_num,edge_num,0.000000
node_num,edge_num,0.000000
node_num,edge_num,0.000000
node_num,edge_num,0.000000
node_num,edge_num,0.000000
node_num,edge_num,0.000000
node_num,edge_num,0.000000
node_num,edge_num,0.000000
node_num,edge_num,0.000000
node_num,edge_num,0.000000
node_num,edge_num,0.000000
node_num,edge_num,0.000000
node_num,edge_num,0.000000
node_num,edge_num,0.000000
node_num,edge_num,0.000000
node_num,edge_num,0.001048
node_num,edge_num,0.000000
node_num,edge_num,0.000000
node_num,edge_num,0.001000
node_num,edge_num,0.000000
node_num,edge_num,0.000000
node_num,edge_num,0.000000
node_num,edge_num,0.000000
node_num,edge_num,0.000000
node_num,edge_num,0.000998
node_num,edge_num,0.000995
node_num,edge_num,0.000000
node_num,edge_num,0.000998
node_num,edge_num,0.000000
node_num,edge_num,0.000000
node_num,edge_num,0.000999
node_num,edge_num,0.000000
node_num,edge_num,0.000000
node_num,edge_num,0.000000
node_num,edge_num,0.000000
node_num,edge_num,0.000000
node_num,edge_num,0.000000
node_num,edge_num,0.000000
node_num,edge_num,0.000000
node_num,edge_num,0.000000
node_num,edge_num,0.000000
node_num,edge_num,0.001006
node_num,edge_num,0.000000
node_num,edge_num,0.001000
node_num,edge_num,0.000000
node_num,edge_num,0.000000
node_num,edge_num,0.000996
node_num,edge_num,0.001002
node_num,edge_num,0.000000
node_num,edge_num,0.001019
node_num,edge_num,0.000000
node_num,edge_num,0.000000
node_num,edge_num,0.000000
node_num,edge_num,0.000000
node_num,edge_num,0.000000
node_num,edge_num,0.000998
node_num,edge_num,0.001024
node_num,edge_num,0.000000
node_num,edge_num,0.000000
node_num,edge_num,0.000996
node_num,edge_num,0.000000
node_num,edge_num,0.000000
node_num,edge_num,0.000000
node_num,edge_num,0.000997
node_num,edge_num,0.000000
node_num,edge_num,0.000000
node_num,edge_num,0.001003
node_num,edge_num,0.000000
node_num,edge_num,0.000000
node_num,edge_num,0.000938
node_num,edge_num,0.000996
node_num,edge_num,0.000000
node_num,edge_num,0.000000
node_num,edge_num,0.001003
node_num,edge_num,0.000000
node_num,edge_num,0.000993
node_num,edge_num,0.000000
node_num,edge_num,0.000000
node_num,edge_num,0.000000
node_num,edge_num,0.001000
node_num,edge_num,0.000999
node_num,edge_num,0.000000
node_num,edge_num,0.001010
node_num,edge_num,0.000998
node_num,edge_num,0.000997
node_num,edge_num,0.001000
node_num,edge_num,0.001009
node_num,edge_num,0.000000
node_num,edge_num,0.000983
node_num,edge_num,0.000997
node_num,edge_num,0.000999
node_num,edge_num,0.001008
node_num,edge_num,0.000000
node_num,edge_num,0.001000
node_num,edge_num,0.001003
node_num,edge_num,0.001008
node_num,edge_num,0.000997
node_num,edge_num,0.001001
node_num,edge_num,0.000000
node_num,edge_num,0.000000
node_num,edge_num,0.000000
node_num,edge_num,0.000996
node_num,edge_num,0.001000
node_num,edge_num,0.000000
node_num,edge_num,0.000000
node_num,edge_num,0.000000
node_num,edge_num,0.000000
node_num,edge_num,0.000000
node_num,edge_num,0.000000
node_num,edge_num,0.000000
node_num,edge_num,0.000000
node_num,edge_num,0.000000
node_num,edge_num,0.000000
node_num,edge_num,0.000998
node_num,edge_num,0.000000
node_num,edge_num,0.000000
node_num,edge_num,0.001409
node_num,edge_num,0.001067
node_num,edge_num,0.000945
node_num,edge_num,0.000000
node_num,edge_num,0.000000
node_num,edge_num,0.000000
node_num,edge_num,0.000000
node_num,edge_num,0.000000
node_num,edge_num,0.000000
node_num,edge_num,0.000000
node_num,edge_num,0.001004
node_num,edge_num,0.000000
node_num,edge_num,0.001008
node_num,edge_num,0.001001
node_num,edge_num,0.001003
node_num,edge_num,0.000000
node_num,edge_num,0.001004
node_num,edge_num,0.000000
node_num,edge_num,0.000999
node_num,edge_num,0.000000
node_num,edge_num,0.000000
node_num,edge_num,0.000000
node_num,edge_num,0.000000
node_num,edge_num,0.000000
node_num,edge_num,0.000999
node_num,edge_num,0.000000
node_num,edge_num,0.000000
node_num,edge_num,0.000000
node_num,edge_num,0.000000
node_num,edge_num,0.000000
node_num,edge_num,0.000000
node_num,edge_num,0.000000
node_num,edge_num,0.001005
node_num,edge_num,0.000000
node_num,edge_num,0.000000
node_num,edge_num,0.000999
node_num,edge_num,0.000000
node_num,edge_num,0.000000
node_num,edge_num,0.001005
node_num,edge_num,0.001002
node_num,edge_num,0.000000
node_num,edge_num,0.000000
node_num,edge_num,0.000000
node_num,edge_num,0.000000
node_num,edge_num,0.001000
node_num,edge_num,0.000000
node_num,edge_num,0.000000
node_num,edge_num,0.000000
node_num,edge_num,0.000000
node_num,edge_num,0.001049
node_num,edge_num,0.001000
node_num,edge_num,0.001001
node_num,edge_num,0.000000
node_num,edge_num,0.000000
node_num,edge_num,0.000999
node_num,edge_num,0.000997
node_num,edge_num,0.000000
node_num,edge_num,0.000000
node_num,edge_num,0.000000
node_num,edge_num,0.000998
node_num,edge_num,0.000000
node_num,edge_num,0.000000
node_num,edge_num,0.000999
node_num,edge_num,0.001000
node_num,edge_num,0.001003
node_num,edge_num,0.000000
node_num,edge_num,0.001000
node_num,edge_num,0.000000
node_num,edge_num,0.001000
node_num,edge_num,0.001127
node_num,edge_num,0.000000
node_num,edge_num,0.001006
node_num,edge_num,0.000000
node_num,edge_num,0.001047
node_num,edge_num,0.000000
node_num,edge_num,0.000997
node_num,edge_num,0.001003
node_num,edge_num,0.001000
node_num,edge_num,0.000998
node_num,edge_num,0.000000
node_num,edge_num,0.000998
node_num,edge_num,0.000999
node_num,edge_num,0.001999
node_num,edge_num,0.001558
node_num,edge_num,0.001001
node_num,edge_num,0.001003
node_num,edge_num,0.000000
node_num,edge_num,0.001000
node_num,edge_num,0.000998
node_num,edge_num,0.001006
node_num,edge_num,0.001055
node_num,edge_num,0.000997
node_num,edge_num,0.000997
node_num,edge_num,0.000999
node_num,edge_num,0.001006
node_num,edge_num,0.000999
node_num,edge_num,0.000998
node_num,edge_num,0.001060
node_num,edge_num,0.000998
node_num,edge_num,0.000000
node_num,edge_num,0.001001
node_num,edge_num,0.000999
node_num,edge_num,0.001000
node_num,edge_num,0.001000
node_num,edge_num,0.001001
node_num,edge_num,0.001046
node_num,edge_num,0.001004
node_num,edge_num,0.001000
node_num,edge_num,0.000999
node_num,edge_num,0.000998
node_num,edge_num,0.001015
node_num,edge_num,0.000998
node_num,edge_num,0.000000
node_num,edge_num,0.000000
node_num,edge_num,0.000999
node_num,edge_num,0.001035
node_num,edge_num,0.000000
node_num,edge_num,0.001000
node_num,edge_num,0.000998
node_num,edge_num,0.000995
node_num,edge_num,0.000960
node_num,edge_num,0.001049
node_num,edge_num,0.001006
node_num,edge_num,0.000996
node_num,edge_num,0.001000
node_num,edge_num,0.001009
node_num,edge_num,0.000998
node_num,edge_num,0.000998
node_num,edge_num,0.000000
node_num,edge_num,0.000000
node_num,edge_num,0.000000
node_num,edge_num,0.000000
node_num,edge_num,0.000000
node_num,edge_num,0.000000
node_num,edge_num,0.000000
node_num,edge_num,0.000000
node_num,edge_num,0.000000
node_num,edge_num,0.000000
node_num,edge_num,0.000000
node_num,edge_num,0.000000
node_num,edge_num,0.000000
node_num,edge_num,0.000000
node_num,edge_num,0.000000
node_num,edge_num,0.000000
node_num,edge_num,0.000000
node_num,edge_num,0.000000
node_num,edge_num,0.000000
node_num,edge_num,0.001039
node_num,edge_num,0.000000
node_num,edge_num,0.000000
node_num,edge_num,0.000000
node_num,edge_num,0.000000
node_num,edge_num,0.000991
node_num,edge_num,0.000000
node_num,edge_num,0.000000
node_num,edge_num,0.000000
node_num,edge_num,0.001004
node_num,edge_num,0.000997
node_num,edge_num,0.000000
node_num,edge_num,0.000000
node_num,edge_num,0.000000
node_num,edge_num,0.000000
node_num,edge_num,0.000000
node_num,edge_num,0.000000
node_num,edge_num,0.000000
node_num,edge_num,0.000000
node_num,edge_num,0.000000
node_num,edge_num,0.001001
node_num,edge_num,0.000000
node_num,edge_num,0.000000
node_num,edge_num,0.000000
node_num,edge_num,0.000992
node_num,edge_num,0.000000
node_num,edge_num,0.000000
node_num,edge_num,0.000000
node_num,edge_num,0.000000
node_num,edge_num,0.000000
node_num,edge_num,0.000000
node_num,edge_num,0.000000
node_num,edge_num,0.000000
node_num,edge_num,0.001000
node_num,edge_num,0.000000
node_num,edge_num,0.000999
node_num,edge_num,0.000000
node_num,edge_num,0.000000
node_num,edge_num,0.001002
node_num,edge_num,0.000999
node_num,edge_num,0.000000
node_num,edge_num,0.000989
node_num,edge_num,0.001001
node_num,edge_num,0.001058
node_num,edge_num,0.000000
node_num,edge_num,0.000000
node_num,edge_num,0.000000
node_num,edge_num,0.000000
node_num,edge_num,0.000993
node_num,edge_num,0.000990
node_num,edge_num,0.000000
node_num,edge_num,0.000997
node_num,edge_num,0.000000
node_num,edge_num,0.001002
node_num,edge_num,0.000000
node_num,edge_num,0.000000
node_num,edge_num,0.000000
node_num,edge_num,0.000000
node_num,edge_num,0.000000
node_num,edge_num,0.000998
node_num,edge_num,0.001054
node_num,edge_num,0.001000
node_num,edge_num,0.000000
node_num,edge_num,0.000000
node_num,edge_num,0.001436
node_num,edge_num,0.001000
node_num,edge_num,0.000997
node_num,edge_num,0.000999
node_num,edge_num,0.000999
node_num,edge_num,0.000000
node_num,edge_num,0.000000
node_num,edge_num,0.001068
node_num,edge_num,0.000999
node_num,edge_num,0.000999
node_num,edge_num,0.001052
node_num,edge_num,0.000000
node_num,edge_num,0.001014
node_num,edge_num,0.001046
node_num,edge_num,0.000000
node_num,edge_num,0.000998
node_num,edge_num,0.000000
node_num,edge_num,0.001006
node_num,edge_num,0.000000
node_num,edge_num,0.000000
node_num,edge_num,0.000994
node_num,edge_num,0.001118
node_num,edge_num,0.001507
node_num,edge_num,0.000979
node_num,edge_num,0.000000
node_num,edge_num,0.000999
node_num,edge_num,0.000998
node_num,edge_num,0.001000
node_num,edge_num,0.001003
node_num,edge_num,0.001029
node_num,edge_num,0.001002
node_num,edge_num,0.001000
node_num,edge_num,0.001003
node_num,edge_num,0.001000
node_num,edge_num,0.001003
node_num,edge_num,0.000999
node_num,edge_num,0.001007
node_num,edge_num,0.000000
node_num,edge_num,0.000993
node_num,edge_num,0.000995
node_num,edge_num,0.001000
node_num,edge_num,0.001000
node_num,edge_num,0.000996
node_num,edge_num,0.001011
node_num,edge_num,0.000981
node_num,edge_num,0.000998
node_num,edge_num,0.001003
node_num,edge_num,0.001006
node_num,edge_num,0.000999
node_num,edge_num,0.001004
node_num,edge_num,0.000991
node_num,edge_num,0.002019
node_num,edge_num,0.001004
node_num,edge_num,0.002004
node_num,edge_num,0.001000
node_num,edge_num,0.001002
node_num,edge_num,0.001002
node_num,edge_num,0.001000
node_num,edge_num,0.000989
node_num,edge_num,0.001005
node_num,edge_num,0.002007
node_num,edge_num,0.001000
node_num,edge_num,0.002010
node_num,edge_num,0.001997
node_num,edge_num,0.000950
node_num,edge_num,0.001008
node_num,edge_num,0.000996
node_num,edge_num,0.001000
node_num,edge_num,0.000997
node_num,edge_num,0.000983
node_num,edge_num,0.001035
node_num,edge_num,0.001000
node_num,edge_num,0.001005
node_num,edge_num,0.002048
node_num,edge_num,0.001048
node_num,edge_num,0.001001
node_num,edge_num,0.000997
node_num,edge_num,0.001002
node_num,edge_num,0.001989
node_num,edge_num,0.001001
node_num,edge_num,0.000956
node_num,edge_num,0.000979
node_num,edge_num,0.001557
node_num,edge_num,0.000999
node_num,edge_num,0.000000
node_num,edge_num,0.000000
node_num,edge_num,0.000999
node_num,edge_num,0.000000
node_num,edge_num,0.001003
node_num,edge_num,0.000000
node_num,edge_num,0.001000
node_num,edge_num,0.000000
node_num,edge_num,0.001001
node_num,edge_num,0.000000
node_num,edge_num,0.000000
node_num,edge_num,0.000998
node_num,edge_num,0.000000
node_num,edge_num,0.000000
node_num,edge_num,0.000000
node_num,edge_num,0.000000
node_num,edge_num,0.000000
node_num,edge_num,0.000000
node_num,edge_num,0.000000
node_num,edge_num,0.000000
node_num,edge_num,0.001013
node_num,edge_num,0.000000
node_num,edge_num,0.000000
node_num,edge_num,0.000000
node_num,edge_num,0.000000
node_num,edge_num,0.000000
node_num,edge_num,0.000000
node_num,edge_num,0.000000
node_num,edge_num,0.000000
node_num,edge_num,0.000000
node_num,edge_num,0.000951
node_num,edge_num,0.000000
node_num,edge_num,0.001002
node_num,edge_num,0.000000
node_num,edge_num,0.000000
node_num,edge_num,0.000000
node_num,edge_num,0.000000
node_num,edge_num,0.000000
node_num,edge_num,0.000000
node_num,edge_num,0.001000
node_num,edge_num,0.000000
node_num,edge_num,0.000000
node_num,edge_num,0.000000
node_num,edge_num,0.000000
node_num,edge_num,0.001119
node_num,edge_num,0.000000
node_num,edge_num,0.000000
node_num,edge_num,0.000000
node_num,edge_num,0.000000
node_num,edge_num,0.000000
node_num,edge_num,0.000000
node_num,edge_num,0.000995
node_num,edge_num,0.000000
node_num,edge_num,0.000000
node_num,edge_num,0.000000
node_num,edge_num,0.000992
node_num,edge_num,0.000000
node_num,edge_num,0.001001
node_num,edge_num,0.001000
node_num,edge_num,0.000000
node_num,edge_num,0.001007
node_num,edge_num,0.001000
node_num,edge_num,0.000999
node_num,edge_num,0.000000
node_num,edge_num,0.000000
node_num,edge_num,0.000000
node_num,edge_num,0.000000
node_num,edge_num,0.000000
node_num,edge_num,0.000000
node_num,edge_num,0.000000
node_num,edge_num,0.000996
node_num,edge_num,0.001000
node_num,edge_num,0.001000
node_num,edge_num,0.000000
node_num,edge_num,0.000000
node_num,edge_num,0.000000
node_num,edge_num,0.000957
node_num,edge_num,0.001003
node_num,edge_num,0.000000
node_num,edge_num,0.000996
node_num,edge_num,0.001004
node_num,edge_num,0.000999
node_num,edge_num,0.000000
node_num,edge_num,0.001002
node_num,edge_num,0.001001
node_num,edge_num,0.000995
node_num,edge_num,0.001007
node_num,edge_num,0.001002
node_num,edge_num,0.001004
node_num,edge_num,0.001003
node_num,edge_num,0.000000
node_num,edge_num,0.000000
node_num,edge_num,0.000000
node_num,edge_num,0.001008
node_num,edge_num,0.001004
node_num,edge_num,0.001011
node_num,edge_num,0.000996
node_num,edge_num,0.001001
node_num,edge_num,0.001001
node_num,edge_num,0.001000
node_num,edge_num,0.000999
node_num,edge_num,0.000994
node_num,edge_num,0.000000
node_num,edge_num,0.000000
node_num,edge_num,0.001000
node_num,edge_num,0.001006
node_num,edge_num,0.001005
node_num,edge_num,0.000998
node_num,edge_num,0.003711
node_num,edge_num,0.001113
node_num,edge_num,0.001002
node_num,edge_num,0.001001
node_num,edge_num,0.000999
node_num,edge_num,0.000999
node_num,edge_num,0.001000
node_num,edge_num,0.001000
node_num,edge_num,0.000000
node_num,edge_num,0.001003
node_num,edge_num,0.001000
node_num,edge_num,0.000998
node_num,edge_num,0.000995
node_num,edge_num,0.001000
node_num,edge_num,0.001001
node_num,edge_num,0.001002
node_num,edge_num,0.000997
node_num,edge_num,0.001000
node_num,edge_num,0.001002
node_num,edge_num,0.000993
node_num,edge_num,0.001004
node_num,edge_num,0.000994
node_num,edge_num,0.001004
node_num,edge_num,0.000992
node_num,edge_num,0.002003
node_num,edge_num,0.000997
node_num,edge_num,0.001056
node_num,edge_num,0.002000
node_num,edge_num,0.001988
node_num,edge_num,0.000999
node_num,edge_num,0.001004
node_num,edge_num,0.001995
node_num,edge_num,0.001014
node_num,edge_num,0.002004
node_num,edge_num,0.001000
node_num,edge_num,0.001997
node_num,edge_num,0.000998
node_num,edge_num,0.002000
node_num,edge_num,0.000997
node_num,edge_num,0.001011
node_num,edge_num,0.001992
node_num,edge_num,0.001002
node_num,edge_num,0.000998
node_num,edge_num,0.001054
node_num,edge_num,0.001011
node_num,edge_num,0.001998
node_num,edge_num,0.001000
node_num,edge_num,0.001010
node_num,edge_num,0.002000
node_num,edge_num,0.001990
node_num,edge_num,0.001988
node_num,edge_num,0.002000
node_num,edge_num,0.002001
node_num,edge_num,0.002001
node_num,edge_num,0.000956
node_num,edge_num,0.002008
node_num,edge_num,0.002052
node_num,edge_num,0.000997
node_num,edge_num,0.002004
node_num,edge_num,0.002000
node_num,edge_num,0.000997
node_num,edge_num,0.001999
node_num,edge_num,0.001998
node_num,edge_num,0.001998
node_num,edge_num,0.000999
node_num,edge_num,0.001004
node_num,edge_num,0.002000
node_num,edge_num,0.001980
node_num,edge_num,0.002003
node_num,edge_num,0.002058
node_num,edge_num,0.000997
node_num,edge_num,0.002007
node_num,edge_num,0.002000
node_num,edge_num,0.001122
node_num,edge_num,0.001998
node_num,edge_num,0.001005
node_num,edge_num,0.000992
node_num,edge_num,0.002005
node_num,edge_num,0.001000
node_num,edge_num,0.002001
node_num,edge_num,0.001998
node_num,edge_num,0.002007
node_num,edge_num,0.000999
node_num,edge_num,0.002002
node_num,edge_num,0.001999
node_num,edge_num,0.001000
node_num,edge_num,0.000000
node_num,edge_num,0.000000
node_num,edge_num,0.000000
node_num,edge_num,0.000000
node_num,edge_num,0.000000
node_num,edge_num,0.000000
node_num,edge_num,0.000000
node_num,edge_num,0.000000
node_num,edge_num,0.000000
node_num,edge_num,0.000000
node_num,edge_num,0.000000
node_num,edge_num,0.000000
node_num,edge_num,0.000000
node_num,edge_num,0.001000
node_num,edge_num,0.000000
node_num,edge_num,0.000000
node_num,edge_num,0.000000
node_num,edge_num,0.000000
node_num,edge_num,0.000000
node_num,edge_num,0.000000
node_num,edge_num,0.000000
node_num,edge_num,0.000000
node_num,edge_num,0.000000
node_num,edge_num,0.000000
node_num,edge_num,0.000000
node_num,edge_num,0.000000
node_num,edge_num,0.000000
node_num,edge_num,0.001000
node_num,edge_num,0.000000
node_num,edge_num,0.000000
node_num,edge_num,0.000000
node_num,edge_num,0.000000
node_num,edge_num,0.000000
node_num,edge_num,0.000999
node_num,edge_num,0.000000
node_num,edge_num,0.001001
node_num,edge_num,0.001011
node_num,edge_num,0.000000
node_num,edge_num,0.000000
node_num,edge_num,0.000000
node_num,edge_num,0.000997
node_num,edge_num,0.000000
node_num,edge_num,0.000993
node_num,edge_num,0.001003
node_num,edge_num,0.000000
node_num,edge_num,0.000998
node_num,edge_num,0.001005
node_num,edge_num,0.000998
node_num,edge_num,0.000000
node_num,edge_num,0.001011
node_num,edge_num,0.000000
node_num,edge_num,0.001000
node_num,edge_num,0.001009
node_num,edge_num,0.001051
node_num,edge_num,0.000000
node_num,edge_num,0.001000
node_num,edge_num,0.000000
node_num,edge_num,0.000000
node_num,edge_num,0.001002
node_num,edge_num,0.000992
node_num,edge_num,0.000989
node_num,edge_num,0.000995
node_num,edge_num,0.000000
node_num,edge_num,0.001002
node_num,edge_num,0.000991
node_num,edge_num,0.001004
node_num,edge_num,0.000999
node_num,edge_num,0.001001
node_num,edge_num,0.000998
node_num,edge_num,0.000978
node_num,edge_num,0.000000
node_num,edge_num,0.001042
node_num,edge_num,0.000999
node_num,edge_num,0.000998
node_num,edge_num,0.000000
node_num,edge_num,0.000000
node_num,edge_num,0.000000
node_num,edge_num,0.001000
node_num,edge_num,0.001001
node_num,edge_num,0.000995
node_num,edge_num,0.001000
node_num,edge_num,0.000000
node_num,edge_num,0.000000
node_num,edge_num,0.000000
node_num,edge_num,0.000000
node_num,edge_num,0.000995
node_num,edge_num,0.000999
node_num,edge_num,0.000000
node_num,edge_num,0.000000
node_num,edge_num,0.000997
node_num,edge_num,0.001001
node_num,edge_num,0.001026
node_num,edge_num,0.001001
node_num,edge_num,0.000998
node_num,edge_num,0.000997
node_num,edge_num,0.001000
node_num,edge_num,0.000957
node_num,edge_num,0.000999
node_num,edge_num,0.000993
node_num,edge_num,0.001004
node_num,edge_num,0.001011
node_num,edge_num,0.000000
node_num,edge_num,0.001004
node_num,edge_num,0.000997
node_num,edge_num,0.001002
node_num,edge_num,0.000000
node_num,edge_num,0.001001
node_num,edge_num,0.001000
node_num,edge_num,0.001008
node_num,edge_num,0.001000
node_num,edge_num,0.001001
node_num,edge_num,0.001000
node_num,edge_num,0.001000
node_num,edge_num,0.001004
node_num,edge_num,0.000995
node_num,edge_num,0.001003
node_num,edge_num,0.000998
node_num,edge_num,0.000999
node_num,edge_num,0.000946
node_num,edge_num,0.000998
node_num,edge_num,0.000999
node_num,edge_num,0.001007
node_num,edge_num,0.001951
node_num,edge_num,0.001002
node_num,edge_num,0.000999
node_num,edge_num,0.000999
node_num,edge_num,0.001001
node_num,edge_num,0.001002
node_num,edge_num,0.001006
node_num,edge_num,0.001002
node_num,edge_num,0.001068
node_num,edge_num,0.001000
node_num,edge_num,0.001000
node_num,edge_num,0.000998
node_num,edge_num,0.000999
node_num,edge_num,0.000996
node_num,edge_num,0.002000
node_num,edge_num,0.001000
node_num,edge_num,0.001002
node_num,edge_num,0.001009
node_num,edge_num,0.001000
node_num,edge_num,0.001000
node_num,edge_num,0.001997
node_num,edge_num,0.001002
node_num,edge_num,0.002006
node_num,edge_num,0.001996
node_num,edge_num,0.000917
node_num,edge_num,0.001004
node_num,edge_num,0.000999
node_num,edge_num,0.001003
node_num,edge_num,0.002113
node_num,edge_num,0.001000
node_num,edge_num,0.001996
node_num,edge_num,0.002004
node_num,edge_num,0.000999
node_num,edge_num,0.000998
node_num,edge_num,0.001999
node_num,edge_num,0.001997
node_num,edge_num,0.002047
node_num,edge_num,0.000996
node_num,edge_num,0.001007
node_num,edge_num,0.002004
node_num,edge_num,0.001999
node_num,edge_num,0.001996
node_num,edge_num,0.001996
node_num,edge_num,0.001998
node_num,edge_num,0.002046
node_num,edge_num,0.002006
node_num,edge_num,0.001994
node_num,edge_num,0.000997
node_num,edge_num,0.002001
node_num,edge_num,0.001071
node_num,edge_num,0.001991
node_num,edge_num,0.002001
node_num,edge_num,0.001002
node_num,edge_num,0.001000
node_num,edge_num,0.002512
node_num,edge_num,0.001986
node_num,edge_num,0.002146
node_num,edge_num,0.001998
node_num,edge_num,0.002000
node_num,edge_num,0.002002
node_num,edge_num,0.002013
node_num,edge_num,0.002003
node_num,edge_num,0.002002
node_num,edge_num,0.002002
node_num,edge_num,0.001955
node_num,edge_num,0.002001
node_num,edge_num,0.002047
node_num,edge_num,0.001999
node_num,edge_num,0.001951
node_num,edge_num,0.001996
node_num,edge_num,0.001997
node_num,edge_num,0.001996
node_num,edge_num,0.002018
node_num,edge_num,0.002014
node_num,edge_num,0.002000
node_num,edge_num,0.001985
node_num,edge_num,0.002050
node_num,edge_num,0.002348
node_num,edge_num,0.002003
node_num,edge_num,0.001996
node_num,edge_num,0.001997
node_num,edge_num,0.001996
node_num,edge_num,0.001993
node_num,edge_num,0.002051
node_num,edge_num,0.002002
node_num,edge_num,0.002000
node_num,edge_num,0.002001
node_num,edge_num,0.002051
node_num,edge_num,0.002000
node_num,edge_num,0.001994
node_num,edge_num,0.001997
node_num,edge_num,0.001990
node_num,edge_num,0.001999
node_num,edge_num,0.001999
node_num,edge_num,0.002000
node_num,edge_num,0.001999
node_num,edge_num,0.001994
node_num,edge_num,0.002000
node_num,edge_num,0.001998
node_num,edge_num,0.002955
node_num,edge_num,0.002996
node_num,edge_num,0.000000
node_num,edge_num,0.000000
node_num,edge_num,0.000000
node_num,edge_num,0.000000
node_num,edge_num,0.001003
node_num,edge_num,0.000000
node_num,edge_num,0.001000
node_num,edge_num,0.000000
node_num,edge_num,0.000000
node_num,edge_num,0.000996
node_num,edge_num,0.000000
node_num,edge_num,0.000000
node_num,edge_num,0.000000
node_num,edge_num,0.000999
node_num,edge_num,0.001003
node_num,edge_num,0.000000
node_num,edge_num,0.001001
node_num,edge_num,0.000999
node_num,edge_num,0.000000
node_num,edge_num,0.000000
node_num,edge_num,0.000000
node_num,edge_num,0.000000
node_num,edge_num,0.000000
node_num,edge_num,0.000000
node_num,edge_num,0.000000
node_num,edge_num,0.000000
node_num,edge_num,0.000000
node_num,edge_num,0.000000
node_num,edge_num,0.000000
node_num,edge_num,0.000000
node_num,edge_num,0.001000
node_num,edge_num,0.000000
node_num,edge_num,0.000000
node_num,edge_num,0.000000
node_num,edge_num,0.000000
node_num,edge_num,0.000000
node_num,edge_num,0.001011
node_num,edge_num,0.000000
node_num,edge_num,0.000000
node_num,edge_num,0.000000
node_num,edge_num,0.001006
node_num,edge_num,0.000000
node_num,edge_num,0.000000
node_num,edge_num,0.000000
node_num,edge_num,0.000000
node_num,edge_num,0.000000
node_num,edge_num,0.000999
node_num,edge_num,0.000000
node_num,edge_num,0.000000
node_num,edge_num,0.000999
node_num,edge_num,0.001000
node_num,edge_num,0.000000
node_num,edge_num,0.000999
node_num,edge_num,0.001000
node_num,edge_num,0.000999
node_num,edge_num,0.001001
node_num,edge_num,0.000949
node_num,edge_num,0.000000
node_num,edge_num,0.000999
node_num,edge_num,0.001001
node_num,edge_num,0.000000
node_num,edge_num,0.000999
node_num,edge_num,0.000000
node_num,edge_num,0.000000
node_num,edge_num,0.000998
node_num,edge_num,0.000986
node_num,edge_num,0.000000
node_num,edge_num,0.001007
node_num,edge_num,0.000000
node_num,edge_num,0.001005
node_num,edge_num,0.000000
node_num,edge_num,0.000000
node_num,edge_num,0.001007
node_num,edge_num,0.000999
node_num,edge_num,0.000999
node_num,edge_num,0.001000
node_num,edge_num,0.000997
node_num,edge_num,0.000000
node_num,edge_num,0.000000
node_num,edge_num,0.000995
node_num,edge_num,0.000000
node_num,edge_num,0.000000
node_num,edge_num,0.000000
node_num,edge_num,0.000944
node_num,edge_num,0.001006
node_num,edge_num,0.001051
node_num,edge_num,0.001005
node_num,edge_num,0.001000
node_num,edge_num,0.001001
node_num,edge_num,0.000000
node_num,edge_num,0.000000
node_num,edge_num,0.000997
node_num,edge_num,0.000951
node_num,edge_num,0.001009
node_num,edge_num,0.001010
node_num,edge_num,0.001002
node_num,edge_num,0.000883
node_num,edge_num,0.001011
node_num,edge_num,0.000999
node_num,edge_num,0.001006
node_num,edge_num,0.001000
node_num,edge_num,0.000875
node_num,edge_num,0.000999
node_num,edge_num,0.000996
node_num,edge_num,0.001001
node_num,edge_num,0.001000
node_num,edge_num,0.000995
node_num,edge_num,0.000996
node_num,edge_num,0.001065
node_num,edge_num,0.000996
node_num,edge_num,0.001007
node_num,edge_num,0.001000
node_num,edge_num,0.000950
node_num,edge_num,0.001007
node_num,edge_num,0.000998
node_num,edge_num,0.000957
node_num,edge_num,0.000993
node_num,edge_num,0.000958
node_num,edge_num,0.001998
node_num,edge_num,0.001008
node_num,edge_num,0.001995
node_num,edge_num,0.000999
node_num,edge_num,0.002001
node_num,edge_num,0.001120
node_num,edge_num,0.000995
node_num,edge_num,0.001015
node_num,edge_num,0.001000
node_num,edge_num,0.001002
node_num,edge_num,0.001954
node_num,edge_num,0.002000
node_num,edge_num,0.001004
node_num,edge_num,0.000998
node_num,edge_num,0.001886
node_num,edge_num,0.000999
node_num,edge_num,0.000995
node_num,edge_num,0.000996
node_num,edge_num,0.001000
node_num,edge_num,0.001947
node_num,edge_num,0.001992
node_num,edge_num,0.001003
node_num,edge_num,0.002001
node_num,edge_num,0.001996
node_num,edge_num,0.000997
node_num,edge_num,0.001958
node_num,edge_num,0.000999
node_num,edge_num,0.002000
node_num,edge_num,0.002058
node_num,edge_num,0.001000
node_num,edge_num,0.001056
node_num,edge_num,0.002001
node_num,edge_num,0.001997
node_num,edge_num,0.002000
node_num,edge_num,0.002004
node_num,edge_num,0.002001
node_num,edge_num,0.001995
node_num,edge_num,0.001005
node_num,edge_num,0.002000
node_num,edge_num,0.001993
node_num,edge_num,0.000996
node_num,edge_num,0.002007
node_num,edge_num,0.001995
node_num,edge_num,0.001626
node_num,edge_num,0.002005
node_num,edge_num,0.002000
node_num,edge_num,0.002062
node_num,edge_num,0.002000
node_num,edge_num,0.001999
node_num,edge_num,0.002000
node_num,edge_num,0.002000
node_num,edge_num,0.002000
node_num,edge_num,0.001000
node_num,edge_num,0.002008
node_num,edge_num,0.001998
node_num,edge_num,0.002111
node_num,edge_num,0.002004
node_num,edge_num,0.001010
node_num,edge_num,0.002006
node_num,edge_num,0.000999
node_num,edge_num,0.001996
node_num,edge_num,0.002001
node_num,edge_num,0.001958
node_num,edge_num,0.002000
node_num,edge_num,0.000999
node_num,edge_num,0.002004
node_num,edge_num,0.002413
node_num,edge_num,0.001004
node_num,edge_num,0.002000
node_num,edge_num,0.002001
node_num,edge_num,0.002000
node_num,edge_num,0.001999
node_num,edge_num,0.001992
node_num,edge_num,0.001993
node_num,edge_num,0.002001
node_num,edge_num,0.001990
node_num,edge_num,0.003000
node_num,edge_num,0.002001
node_num,edge_num,0.002215
node_num,edge_num,0.001992
node_num,edge_num,0.001995
node_num,edge_num,0.001996
node_num,edge_num,0.001999
node_num,edge_num,0.001985
node_num,edge_num,0.001998
node_num,edge_num,0.002015
node_num,edge_num,0.001951
node_num,edge_num,0.001987
node_num,edge_num,0.002956
node_num,edge_num,0.001993
node_num,edge_num,0.002000
node_num,edge_num,0.003002
node_num,edge_num,0.002001
node_num,edge_num,0.002951
node_num,edge_num,0.001998
node_num,edge_num,0.003000
node_num,edge_num,0.002012
node_num,edge_num,0.002192
node_num,edge_num,0.002226
node_num,edge_num,0.002994
node_num,edge_num,0.002056
node_num,edge_num,0.002002
node_num,edge_num,0.001996
node_num,edge_num,0.003001
node_num,edge_num,0.001994
node_num,edge_num,0.002000
node_num,edge_num,0.002002
node_num,edge_num,0.002002
node_num,edge_num,0.003000
node_num,edge_num,0.002880
node_num,edge_num,0.002995
node_num,edge_num,0.002009
node_num,edge_num,0.003052
node_num,edge_num,0.002047
node_num,edge_num,0.001996
node_num,edge_num,0.002006
node_num,edge_num,0.002519
node_num,edge_num,0.003109
node_num,edge_num,0.002992
node_num,edge_num,0.001987
node_num,edge_num,0.002995
node_num,edge_num,0.002872
node_num,edge_num,0.001997
node_num,edge_num,0.002002
node_num,edge_num,0.003058
node_num,edge_num,0.001991
node_num,edge_num,0.001996
node_num,edge_num,0.002989
node_num,edge_num,0.003000
node_num,edge_num,0.002996
node_num,edge_num,0.002999
node_num,edge_num,0.002946
node_num,edge_num,0.002884
node_num,edge_num,0.003000
node_num,edge_num,0.002934
node_num,edge_num,0.001994
node_num,edge_num,0.000000
node_num,edge_num,0.001006
node_num,edge_num,0.000000
node_num,edge_num,0.000995
node_num,edge_num,0.000000
node_num,edge_num,0.000989
node_num,edge_num,0.000000
node_num,edge_num,0.000000
node_num,edge_num,0.000000
node_num,edge_num,0.000000
node_num,edge_num,0.000978
node_num,edge_num,0.000996
node_num,edge_num,0.000000
node_num,edge_num,0.000000
node_num,edge_num,0.000000
node_num,edge_num,0.000000
node_num,edge_num,0.000000
node_num,edge_num,0.000000
node_num,edge_num,0.000999
node_num,edge_num,0.000000
node_num,edge_num,0.000000
node_num,edge_num,0.000000
node_num,edge_num,0.000954
node_num,edge_num,0.000000
node_num,edge_num,0.000000
node_num,edge_num,0.000000
node_num,edge_num,0.000000
node_num,edge_num,0.001002
node_num,edge_num,0.000984
node_num,edge_num,0.000000
node_num,edge_num,0.001049
node_num,edge_num,0.000000
node_num,edge_num,0.000000
node_num,edge_num,0.000000
node_num,edge_num,0.000000
node_num,edge_num,0.000000
node_num,edge_num,0.000000
node_num,edge_num,0.000000
node_num,edge_num,0.000000
node_num,edge_num,0.000000
node_num,edge_num,0.000000
node_num,edge_num,0.000000
node_num,edge_num,0.001001
node_num,edge_num,0.000000
node_num,edge_num,0.000000
node_num,edge_num,0.000000
node_num,edge_num,0.000000
node_num,edge_num,0.000000
node_num,edge_num,0.001008
node_num,edge_num,0.000985
node_num,edge_num,0.000000
node_num,edge_num,0.000000
node_num,edge_num,0.001002
node_num,edge_num,0.000989
node_num,edge_num,0.001003
node_num,edge_num,0.001002
node_num,edge_num,0.001001
node_num,edge_num,0.001064
node_num,edge_num,0.001000
node_num,edge_num,0.001061
node_num,edge_num,0.000996
node_num,edge_num,0.001090
node_num,edge_num,0.000000
node_num,edge_num,0.000000
node_num,edge_num,0.000997
node_num,edge_num,0.000996
node_num,edge_num,0.000000
node_num,edge_num,0.000999
node_num,edge_num,0.001049
node_num,edge_num,0.001003
node_num,edge_num,0.001102
node_num,edge_num,0.000000
node_num,edge_num,0.000992
node_num,edge_num,0.000000
node_num,edge_num,0.001005
node_num,edge_num,0.001004
node_num,edge_num,0.001002
node_num,edge_num,0.001003
node_num,edge_num,0.001008
node_num,edge_num,0.000000
node_num,edge_num,0.001011
node_num,edge_num,0.001000
node_num,edge_num,0.000000
node_num,edge_num,0.001062
node_num,edge_num,0.001002
node_num,edge_num,0.000988
node_num,edge_num,0.000000
node_num,edge_num,0.001009
node_num,edge_num,0.000999
node_num,edge_num,0.000000
node_num,edge_num,0.000989
node_num,edge_num,0.000992
node_num,edge_num,0.001008
node_num,edge_num,0.001010
node_num,edge_num,0.001002
node_num,edge_num,0.001093
node_num,edge_num,0.000994
node_num,edge_num,0.001350
node_num,edge_num,0.000992
node_num,edge_num,0.001000
node_num,edge_num,0.000000
node_num,edge_num,0.000994
node_num,edge_num,0.000995
node_num,edge_num,0.000998
node_num,edge_num,0.001007
node_num,edge_num,0.001008
node_num,edge_num,0.000991
node_num,edge_num,0.002002
node_num,edge_num,0.001002
node_num,edge_num,0.001005
node_num,edge_num,0.001002
node_num,edge_num,0.001005
node_num,edge_num,0.001006
node_num,edge_num,0.001013
node_num,edge_num,0.002005
node_num,edge_num,0.001060
node_num,edge_num,0.002003
node_num,edge_num,0.001001
node_num,edge_num,0.001000
node_num,edge_num,0.000999
node_num,edge_num,0.001046
node_num,edge_num,0.001005
node_num,edge_num,0.001075
node_num,edge_num,0.002048
node_num,edge_num,0.002118
node_num,edge_num,0.001009
node_num,edge_num,0.001014
node_num,edge_num,0.000984
node_num,edge_num,0.000995
node_num,edge_num,0.002010
node_num,edge_num,0.000996
node_num,edge_num,0.001104
node_num,edge_num,0.002011
node_num,edge_num,0.002001
node_num,edge_num,0.001347
node_num,edge_num,0.001001
node_num,edge_num,0.000992
node_num,edge_num,0.001998
node_num,edge_num,0.001001
node_num,edge_num,0.001636
node_num,edge_num,0.001012
node_num,edge_num,0.002115
node_num,edge_num,0.001994
node_num,edge_num,0.001008
node_num,edge_num,0.000999
node_num,edge_num,0.001924
node_num,edge_num,0.002005
node_num,edge_num,0.001996
node_num,edge_num,0.001002
node_num,edge_num,0.001999
node_num,edge_num,0.000960
node_num,edge_num,0.002372
node_num,edge_num,0.001998
node_num,edge_num,0.002003
node_num,edge_num,0.002048
node_num,edge_num,0.002447
node_num,edge_num,0.002003
node_num,edge_num,0.002161
node_num,edge_num,0.001920
node_num,edge_num,0.002000
node_num,edge_num,0.001998
node_num,edge_num,0.001002
node_num,edge_num,0.001997
node_num,edge_num,0.002000
node_num,edge_num,0.002006
node_num,edge_num,0.001994
node_num,edge_num,0.001995
node_num,edge_num,0.002063
node_num,edge_num,0.001992
node_num,edge_num,0.003004
node_num,edge_num,0.001991
node_num,edge_num,0.001995
node_num,edge_num,0.001998
node_num,edge_num,0.002001
node_num,edge_num,0.001609
node_num,edge_num,0.001996
node_num,edge_num,0.003001
node_num,edge_num,0.002075
node_num,edge_num,0.002993
node_num,edge_num,0.002008
node_num,edge_num,0.002009
node_num,edge_num,0.002141
node_num,edge_num,0.002988
node_num,edge_num,0.002999
node_num,edge_num,0.002008
node_num,edge_num,0.002005
node_num,edge_num,0.002000
node_num,edge_num,0.001996
node_num,edge_num,0.002008
node_num,edge_num,0.002997
node_num,edge_num,0.003001
node_num,edge_num,0.002000
node_num,edge_num,0.002999
node_num,edge_num,0.002006
node_num,edge_num,0.002999
node_num,edge_num,0.002005
node_num,edge_num,0.002000
node_num,edge_num,0.001994
node_num,edge_num,0.002993
node_num,edge_num,0.002005
node_num,edge_num,0.001991
node_num,edge_num,0.003006
node_num,edge_num,0.002009
node_num,edge_num,0.002922
node_num,edge_num,0.001992
node_num,edge_num,0.003070
node_num,edge_num,0.002718
node_num,edge_num,0.002999
node_num,edge_num,0.003000
node_num,edge_num,0.002998
node_num,edge_num,0.002994
node_num,edge_num,0.002198
node_num,edge_num,0.003106
node_num,edge_num,0.001995
node_num,edge_num,0.002995
node_num,edge_num,0.003004
node_num,edge_num,0.003003
node_num,edge_num,0.003001
node_num,edge_num,0.003001
node_num,edge_num,0.002996
node_num,edge_num,0.003004
node_num,edge_num,0.003081
node_num,edge_num,0.003042
node_num,edge_num,0.003006
node_num,edge_num,0.003140
node_num,edge_num,0.003010
node_num,edge_num,0.003011
node_num,edge_num,0.002999
node_num,edge_num,0.002990
node_num,edge_num,0.004009
node_num,edge_num,0.003001
node_num,edge_num,0.004007
node_num,edge_num,0.002993
node_num,edge_num,0.004005
node_num,edge_num,0.003114
node_num,edge_num,0.003004
node_num,edge_num,0.003002
node_num,edge_num,0.003069
node_num,edge_num,0.003141
node_num,edge_num,0.002999
node_num,edge_num,0.003999
node_num,edge_num,0.003995
node_num,edge_num,0.002991
node_num,edge_num,0.003000
node_num,edge_num,0.003058
node_num,edge_num,0.003968
node_num,edge_num,0.003566
node_num,edge_num,0.004001
node_num,edge_num,0.004000
node_num,edge_num,0.002988
node_num,edge_num,0.002999
node_num,edge_num,0.003707
node_num,edge_num,0.003405
node_num,edge_num,0.002994
node_num,edge_num,0.004005
node_num,edge_num,0.002992
node_num,edge_num,0.004001
node_num,edge_num,0.003880
node_num,edge_num,0.003003
node_num,edge_num,0.003985
node_num,edge_num,0.003965
node_num,edge_num,0.004003
node_num,edge_num,0.002994
node_num,edge_num,0.002992
node_num,edge_num,0.002992
node_num,edge_num,0.004136
node_num,edge_num,0.005049
node_num,edge_num,0.004004
node_num,edge_num,0.003003
node_num,edge_num,0.004004
node_num,edge_num,0.004004
node_num,edge_num,0.003995
node_num,edge_num,0.003990
node_num,edge_num,0.003994
node_num,edge_num,0.004004
node_num,edge_num,0.004001
node_num,edge_num,0.003999
node_num,edge_num,0.003995
node_num,edge_num,0.002992
node_num,edge_num,0.004981
node_num,edge_num,0.005006
node_num,edge_num,0.003999
node_num,edge_num,0.004008
node_num,edge_num,0.004001
node_num,edge_num,0.005724
node_num,edge_num,0.003036
node_num,edge_num,0.005050
node_num,edge_num,0.001008
node_num,edge_num,0.000000
node_num,edge_num,0.001024
node_num,edge_num,0.000000
node_num,edge_num,0.000000
node_num,edge_num,0.000000
node_num,edge_num,0.001014
node_num,edge_num,0.000000
node_num,edge_num,0.000000
node_num,edge_num,0.000000
node_num,edge_num,0.001007
node_num,edge_num,0.000000
node_num,edge_num,0.000000
node_num,edge_num,0.000000
node_num,edge_num,0.000000
node_num,edge_num,0.000000
node_num,edge_num,0.000000
node_num,edge_num,0.000000
node_num,edge_num,0.000000
node_num,edge_num,0.000000
node_num,edge_num,0.000000
node_num,edge_num,0.000969
node_num,edge_num,0.000000
node_num,edge_num,0.001008
node_num,edge_num,0.000000
node_num,edge_num,0.000000
node_num,edge_num,0.000000
node_num,edge_num,0.000000
node_num,edge_num,0.000992
node_num,edge_num,0.000000
node_num,edge_num,0.000000
node_num,edge_num,0.001011
node_num,edge_num,0.000994
node_num,edge_num,0.000994
node_num,edge_num,0.000000
node_num,edge_num,0.001007
node_num,edge_num,0.000000
node_num,edge_num,0.001004
node_num,edge_num,0.000988
node_num,edge_num,0.001000
node_num,edge_num,0.000997
node_num,edge_num,0.000000
node_num,edge_num,0.000000
node_num,edge_num,0.000986
node_num,edge_num,0.000989
node_num,edge_num,0.001001
node_num,edge_num,0.000000
node_num,edge_num,0.000000
node_num,edge_num,0.000000
node_num,edge_num,0.000000
node_num,edge_num,0.001001
node_num,edge_num,0.000000
node_num,edge_num,0.001007
node_num,edge_num,0.000925
node_num,edge_num,0.000998
node_num,edge_num,0.000000
node_num,edge_num,0.000000
node_num,edge_num,0.000000
node_num,edge_num,0.001000
node_num,edge_num,0.000994
node_num,edge_num,0.000988
node_num,edge_num,0.000977
node_num,edge_num,0.001599
node_num,edge_num,0.000000
node_num,edge_num,0.001009
node_num,edge_num,0.002009
node_num,edge_num,0.000996
node_num,edge_num,0.001003
node_num,edge_num,0.000000
node_num,edge_num,0.000000
node_num,edge_num,0.001001
node_num,edge_num,0.001006
node_num,edge_num,0.000999
node_num,edge_num,0.001006
node_num,edge_num,0.000993
node_num,edge_num,0.001040
node_num,edge_num,0.001006
node_num,edge_num,0.001000
node_num,edge_num,0.000997
node_num,edge_num,0.000000
node_num,edge_num,0.000997
node_num,edge_num,0.000995
node_num,edge_num,0.000995
node_num,edge_num,0.001031
node_num,edge_num,0.001013
node_num,edge_num,0.000000
node_num,edge_num,0.000881
node_num,edge_num,0.000913
node_num,edge_num,0.001006
node_num,edge_num,0.001000
node_num,edge_num,0.001000
node_num,edge_num,0.000985
node_num,edge_num,0.002007
node_num,edge_num,0.001001
node_num,edge_num,0.000990
node_num,edge_num,0.001008
node_num,edge_num,0.001027
node_num,edge_num,0.000954
node_num,edge_num,0.001632
node_num,edge_num,0.001006
node_num,edge_num,0.001001
node_num,edge_num,0.000997
node_num,edge_num,0.002128
node_num,edge_num,0.001013
node_num,edge_num,0.001001
node_num,edge_num,0.000999
node_num,edge_num,0.001875
node_num,edge_num,0.001000
node_num,edge_num,0.001999
node_num,edge_num,0.000993
node_num,edge_num,0.001011
node_num,edge_num,0.001004
node_num,edge_num,0.000995
node_num,edge_num,0.000998
node_num,edge_num,0.000967
node_num,edge_num,0.000997
node_num,edge_num,0.001536
node_num,edge_num,0.001999
node_num,edge_num,0.000992
node_num,edge_num,0.001985
node_num,edge_num,0.002007
node_num,edge_num,0.001998
node_num,edge_num,0.001998
node_num,edge_num,0.001000
node_num,edge_num,0.002006
node_num,edge_num,0.000997
node_num,edge_num,0.001996
node_num,edge_num,0.002000
node_num,edge_num,0.000996
node_num,edge_num,0.002003
node_num,edge_num,0.002002
node_num,edge_num,0.000997
node_num,edge_num,0.001000
node_num,edge_num,0.002052
node_num,edge_num,0.001995
node_num,edge_num,0.001995
node_num,edge_num,0.000997
node_num,edge_num,0.001977
node_num,edge_num,0.000999
node_num,edge_num,0.001991
node_num,edge_num,0.002010
node_num,edge_num,0.001995
node_num,edge_num,0.001908
node_num,edge_num,0.001994
node_num,edge_num,0.002000
node_num,edge_num,0.001996
node_num,edge_num,0.001988
node_num,edge_num,0.002002
node_num,edge_num,0.001993
node_num,edge_num,0.002929
node_num,edge_num,0.001997
node_num,edge_num,0.001999
node_num,edge_num,0.002999
node_num,edge_num,0.002001
node_num,edge_num,0.002004
node_num,edge_num,0.002012
node_num,edge_num,0.002996
node_num,edge_num,0.003004
node_num,edge_num,0.002000
node_num,edge_num,0.003003
node_num,edge_num,0.002002
node_num,edge_num,0.003000
node_num,edge_num,0.002990
node_num,edge_num,0.003004
node_num,edge_num,0.001995
node_num,edge_num,0.001937
node_num,edge_num,0.002916
node_num,edge_num,0.002070
node_num,edge_num,0.002995
node_num,edge_num,0.003003
node_num,edge_num,0.001988
node_num,edge_num,0.002004
node_num,edge_num,0.002002
node_num,edge_num,0.001992
node_num,edge_num,0.001986
node_num,edge_num,0.001954
node_num,edge_num,0.002000
node_num,edge_num,0.002991
node_num,edge_num,0.002002
node_num,edge_num,0.003004
node_num,edge_num,0.002998
node_num,edge_num,0.003014
node_num,edge_num,0.002993
node_num,edge_num,0.003022
node_num,edge_num,0.002087
node_num,edge_num,0.002008
node_num,edge_num,0.001986
node_num,edge_num,0.002995
node_num,edge_num,0.002474
node_num,edge_num,0.003058
node_num,edge_num,0.004556
node_num,edge_num,0.004005
node_num,edge_num,0.003004
node_num,edge_num,0.002998
node_num,edge_num,0.003994
node_num,edge_num,0.003990
node_num,edge_num,0.004069
node_num,edge_num,0.003002
node_num,edge_num,0.003130
node_num,edge_num,0.002999
node_num,edge_num,0.002999
node_num,edge_num,0.003007
node_num,edge_num,0.002992
node_num,edge_num,0.002999
node_num,edge_num,0.003003
node_num,edge_num,0.002998
node_num,edge_num,0.003994
node_num,edge_num,0.002999
node_num,edge_num,0.003995
node_num,edge_num,0.005001
node_num,edge_num,0.002999
node_num,edge_num,0.004000
node_num,edge_num,0.004024
node_num,edge_num,0.005011
node_num,edge_num,0.004074
node_num,edge_num,0.003960
node_num,edge_num,0.004751
node_num,edge_num,0.003995
node_num,edge_num,0.003998
node_num,edge_num,0.004070
node_num,edge_num,0.002993
node_num,edge_num,0.004006
node_num,edge_num,0.004983
node_num,edge_num,0.003883
node_num,edge_num,0.003998
node_num,edge_num,0.006004
node_num,edge_num,0.004982
node_num,edge_num,0.004006
node_num,edge_num,0.003991
node_num,edge_num,0.003998
node_num,edge_num,0.003995
node_num,edge_num,0.004930
node_num,edge_num,0.003990
node_num,edge_num,0.005992
node_num,edge_num,0.004436
node_num,edge_num,0.003640
node_num,edge_num,0.002998
node_num,edge_num,0.005929
node_num,edge_num,0.003725
node_num,edge_num,0.003355
node_num,edge_num,0.004994
node_num,edge_num,0.004000
node_num,edge_num,0.005078
node_num,edge_num,0.004000
node_num,edge_num,0.004004
node_num,edge_num,0.004107
node_num,edge_num,0.004002
node_num,edge_num,0.004976
node_num,edge_num,0.003999
node_num,edge_num,0.004001
node_num,edge_num,0.003975
node_num,edge_num,0.004002
node_num,edge_num,0.004997
node_num,edge_num,0.004926
node_num,edge_num,0.005066
node_num,edge_num,0.004967
node_num,edge_num,0.004459
node_num,edge_num,0.004930
node_num,edge_num,0.003987
node_num,edge_num,0.004925
node_num,edge_num,0.005004
node_num,edge_num,0.004858
node_num,edge_num,0.004988
node_num,edge_num,0.005519
node_num,edge_num,0.003996
node_num,edge_num,0.004984
node_num,edge_num,0.005025
node_num,edge_num,0.004992
node_num,edge_num,0.004991
node_num,edge_num,0.004998
node_num,edge_num,0.004874
node_num,edge_num,0.004131
node_num,edge_num,0.004986
node_num,edge_num,0.003974
node_num,edge_num,0.005011
node_num,edge_num,0.005012
node_num,edge_num,0.004723
node_num,edge_num,0.004993
node_num,edge_num,0.004992
node_num,edge_num,0.004994
node_num,edge_num,0.003997
node_num,edge_num,0.004009
node_num,edge_num,0.005007
node_num,edge_num,0.005009
node_num,edge_num,0.005034
node_num,edge_num,0.005132
node_num,edge_num,0.005327
node_num,edge_num,0.004987
node_num,edge_num,0.006103
node_num,edge_num,0.005105
node_num,edge_num,0.005172
node_num,edge_num,0.005007
node_num,edge_num,0.004927
node_num,edge_num,0.005997
node_num,edge_num,0.005643
node_num,edge_num,0.005993
node_num,edge_num,0.005002
node_num,edge_num,0.005004
node_num,edge_num,0.004996
node_num,edge_num,0.004995
node_num,edge_num,0.007164
node_num,edge_num,0.005002
node_num,edge_num,0.007008
node_num,edge_num,0.005003
node_num,edge_num,0.005005
node_num,edge_num,0.004948
node_num,edge_num,0.005948
node_num,edge_num,0.005353
node_num,edge_num,0.005996
node_num,edge_num,0.005633
node_num,edge_num,0.006000
node_num,edge_num,0.006016
node_num,edge_num,0.005138
node_num,edge_num,0.004761
node_num,edge_num,0.005003
node_num,edge_num,0.007072
node_num,edge_num,0.006717
node_num,edge_num,0.005994
node_num,edge_num,0.006054
node_num,edge_num,0.005990
node_num,edge_num,0.004992
node_num,edge_num,0.005998
node_num,edge_num,0.000000
node_num,edge_num,0.000000
node_num,edge_num,0.001014
node_num,edge_num,0.000000
node_num,edge_num,0.000000
node_num,edge_num,0.000000
node_num,edge_num,0.000000
node_num,edge_num,0.000000
node_num,edge_num,0.001013
node_num,edge_num,0.000000
node_num,edge_num,0.000000
node_num,edge_num,0.000000
node_num,edge_num,0.000000
node_num,edge_num,0.000000
node_num,edge_num,0.000000
node_num,edge_num,0.001006
node_num,edge_num,0.000000
node_num,edge_num,0.000000
node_num,edge_num,0.000000
node_num,edge_num,0.000000
node_num,edge_num,0.000998
node_num,edge_num,0.000991
node_num,edge_num,0.000000
node_num,edge_num,0.000000
node_num,edge_num,0.000000
node_num,edge_num,0.000000
node_num,edge_num,0.000000
node_num,edge_num,0.000000
node_num,edge_num,0.000989
node_num,edge_num,0.000000
node_num,edge_num,0.000000
node_num,edge_num,0.001013
node_num,edge_num,0.000000
node_num,edge_num,0.000000
node_num,edge_num,0.000000
node_num,edge_num,0.000000
node_num,edge_num,0.000000
node_num,edge_num,0.000997
node_num,edge_num,0.000000
node_num,edge_num,0.001001
node_num,edge_num,0.001006
node_num,edge_num,0.000992
node_num,edge_num,0.001000
node_num,edge_num,0.000000
node_num,edge_num,0.001003
node_num,edge_num,0.000000
node_num,edge_num,0.000998
node_num,edge_num,0.000000
node_num,edge_num,0.000000
node_num,edge_num,0.000999
node_num,edge_num,0.001055
node_num,edge_num,0.001006
node_num,edge_num,0.000000
node_num,edge_num,0.001009
node_num,edge_num,0.001001
node_num,edge_num,0.000997
node_num,edge_num,0.001044
node_num,edge_num,0.000000
node_num,edge_num,0.000000
node_num,edge_num,0.000000
node_num,edge_num,0.001121
node_num,edge_num,0.000985
node_num,edge_num,0.000383
node_num,edge_num,0.001000
node_num,edge_num,0.001000
node_num,edge_num,0.000995
node_num,edge_num,0.000000
node_num,edge_num,0.001009
node_num,edge_num,0.001034
node_num,edge_num,0.000000
node_num,edge_num,0.001113
node_num,edge_num,0.000999
node_num,edge_num,0.000000
node_num,edge_num,0.001003
node_num,edge_num,0.001002
node_num,edge_num,0.001000
node_num,edge_num,0.001007
node_num,edge_num,0.000991
node_num,edge_num,0.001005
node_num,edge_num,0.000999
node_num,edge_num,0.000982
node_num,edge_num,0.000989
node_num,edge_num,0.001070
node_num,edge_num,0.001001
node_num,edge_num,0.000992
node_num,edge_num,0.001009
node_num,edge_num,0.000999
node_num,edge_num,0.000994
node_num,edge_num,0.001000
node_num,edge_num,0.001001
node_num,edge_num,0.000932
node_num,edge_num,0.001003
node_num,edge_num,0.001052
node_num,edge_num,0.000960
node_num,edge_num,0.001002
node_num,edge_num,0.001012
node_num,edge_num,0.001004
node_num,edge_num,0.000997
node_num,edge_num,0.001004
node_num,edge_num,0.001004
node_num,edge_num,0.000990
node_num,edge_num,0.001004
node_num,edge_num,0.000991
node_num,edge_num,0.002001
node_num,edge_num,0.001001
node_num,edge_num,0.001129
node_num,edge_num,0.002002
node_num,edge_num,0.001996
node_num,edge_num,0.001001
node_num,edge_num,0.000998
node_num,edge_num,0.001010
node_num,edge_num,0.000996
node_num,edge_num,0.001004
node_num,edge_num,0.001094
node_num,edge_num,0.002004
node_num,edge_num,0.001000
node_num,edge_num,0.000903
node_num,edge_num,0.001000
node_num,edge_num,0.001009
node_num,edge_num,0.002003
node_num,edge_num,0.001015
node_num,edge_num,0.001003
node_num,edge_num,0.001994
node_num,edge_num,0.001004
node_num,edge_num,0.001953
node_num,edge_num,0.001998
node_num,edge_num,0.002043
node_num,edge_num,0.001997
node_num,edge_num,0.000990
node_num,edge_num,0.002003
node_num,edge_num,0.002008
node_num,edge_num,0.002001
node_num,edge_num,0.001999
node_num,edge_num,0.000988
node_num,edge_num,0.000999
node_num,edge_num,0.001911
node_num,edge_num,0.000994
node_num,edge_num,0.001958
node_num,edge_num,0.002007
node_num,edge_num,0.002285
node_num,edge_num,0.002073
node_num,edge_num,0.001998
node_num,edge_num,0.001998
node_num,edge_num,0.002003
node_num,edge_num,0.001997
node_num,edge_num,0.001077
node_num,edge_num,0.003004
node_num,edge_num,0.001984
node_num,edge_num,0.001995
node_num,edge_num,0.002010
node_num,edge_num,0.001994
node_num,edge_num,0.001999
node_num,edge_num,0.002999
node_num,edge_num,0.001998
node_num,edge_num,0.002001
node_num,edge_num,0.002000
node_num,edge_num,0.001998
node_num,edge_num,0.001963
node_num,edge_num,0.002003
node_num,edge_num,0.001999
node_num,edge_num,0.001995
node_num,edge_num,0.001981
node_num,edge_num,0.002002
node_num,edge_num,0.001976
node_num,edge_num,0.002990
node_num,edge_num,0.003004
node_num,edge_num,0.003008
node_num,edge_num,0.001998
node_num,edge_num,0.001999
node_num,edge_num,0.003005
node_num,edge_num,0.002998
node_num,edge_num,0.002001
node_num,edge_num,0.001998
node_num,edge_num,0.003043
node_num,edge_num,0.001996
node_num,edge_num,0.002995
node_num,edge_num,0.002004
node_num,edge_num,0.002999
node_num,edge_num,0.003002
node_num,edge_num,0.002002
node_num,edge_num,0.003025
node_num,edge_num,0.002993
node_num,edge_num,0.002998
node_num,edge_num,0.002999
node_num,edge_num,0.002990
node_num,edge_num,0.003932
node_num,edge_num,0.002998
node_num,edge_num,0.002995
node_num,edge_num,0.002996
node_num,edge_num,0.003002
node_num,edge_num,0.002995
node_num,edge_num,0.003009
node_num,edge_num,0.003004
node_num,edge_num,0.003039
node_num,edge_num,0.003007
node_num,edge_num,0.002999
node_num,edge_num,0.002989
node_num,edge_num,0.002929
node_num,edge_num,0.003998
node_num,edge_num,0.005062
node_num,edge_num,0.003121
node_num,edge_num,0.002998
node_num,edge_num,0.003991
node_num,edge_num,0.003064
node_num,edge_num,0.003999
node_num,edge_num,0.002997
node_num,edge_num,0.002995
node_num,edge_num,0.002995
node_num,edge_num,0.002993
node_num,edge_num,0.003994
node_num,edge_num,0.003635
node_num,edge_num,0.003005
node_num,edge_num,0.003267
node_num,edge_num,0.003997
node_num,edge_num,0.003338
node_num,edge_num,0.004000
node_num,edge_num,0.004031
node_num,edge_num,0.004002
node_num,edge_num,0.003991
node_num,edge_num,0.003994
node_num,edge_num,0.004007
node_num,edge_num,0.003992
node_num,edge_num,0.003997
node_num,edge_num,0.004000
node_num,edge_num,0.004000
node_num,edge_num,0.003962
node_num,edge_num,0.004004
node_num,edge_num,0.004005
node_num,edge_num,0.004025
node_num,edge_num,0.004996
node_num,edge_num,0.004995
node_num,edge_num,0.003992
node_num,edge_num,0.003982
node_num,edge_num,0.004948
node_num,edge_num,0.004990
node_num,edge_num,0.004992
node_num,edge_num,0.005001
node_num,edge_num,0.004718
node_num,edge_num,0.003997
node_num,edge_num,0.004967
node_num,edge_num,0.005000
node_num,edge_num,0.004010
node_num,edge_num,0.003998
node_num,edge_num,0.003987
node_num,edge_num,0.005362
node_num,edge_num,0.003996
node_num,edge_num,0.005004
node_num,edge_num,0.007009
node_num,edge_num,0.004966
node_num,edge_num,0.005136
node_num,edge_num,0.006013
node_num,edge_num,0.003993
node_num,edge_num,0.005020
node_num,edge_num,0.005001
node_num,edge_num,0.004988
node_num,edge_num,0.005089
node_num,edge_num,0.004991
node_num,edge_num,0.005992
node_num,edge_num,0.004766
node_num,edge_num,0.005063
node_num,edge_num,0.005066
node_num,edge_num,0.005008
node_num,edge_num,0.005004
node_num,edge_num,0.005010
node_num,edge_num,0.006005
node_num,edge_num,0.004996
node_num,edge_num,0.005002
node_num,edge_num,0.005001
node_num,edge_num,0.005999
node_num,edge_num,0.005231
node_num,edge_num,0.005003
node_num,edge_num,0.005998
node_num,edge_num,0.004998
node_num,edge_num,0.005992
node_num,edge_num,0.005998
node_num,edge_num,0.007009
node_num,edge_num,0.005881
node_num,edge_num,0.005960
node_num,edge_num,0.005999
node_num,edge_num,0.005004
node_num,edge_num,0.005999
node_num,edge_num,0.006045
node_num,edge_num,0.006126
node_num,edge_num,0.006001
node_num,edge_num,0.007005
node_num,edge_num,0.006992
node_num,edge_num,0.006002
node_num,edge_num,0.005995
node_num,edge_num,0.005895
node_num,edge_num,0.007865
node_num,edge_num,0.005994
node_num,edge_num,0.005971
node_num,edge_num,0.006001
node_num,edge_num,0.005999
node_num,edge_num,0.007133
node_num,edge_num,0.006003
node_num,edge_num,0.006398
node_num,edge_num,0.005998
node_num,edge_num,0.006306
node_num,edge_num,0.006055
node_num,edge_num,0.007007
node_num,edge_num,0.005924
node_num,edge_num,0.007002
node_num,edge_num,0.007010
node_num,edge_num,0.007071
node_num,edge_num,0.006036
node_num,edge_num,0.007119
node_num,edge_num,0.006998
node_num,edge_num,0.005996
node_num,edge_num,0.006999
node_num,edge_num,0.005998
node_num,edge_num,0.006109
node_num,edge_num,0.006002
node_num,edge_num,0.005993
node_num,edge_num,0.006196
node_num,edge_num,0.006992
node_num,edge_num,0.007067
node_num,edge_num,0.006997
node_num,edge_num,0.006939
node_num,edge_num,0.006675
node_num,edge_num,0.006996
node_num,edge_num,0.007028
node_num,edge_num,0.007002
node_num,edge_num,0.006998
node_num,edge_num,0.007119
node_num,edge_num,0.006992
node_num,edge_num,0.006127
node_num,edge_num,0.007388
node_num,edge_num,0.007005
node_num,edge_num,0.006603
node_num,edge_num,0.006998
node_num,edge_num,0.008003
node_num,edge_num,0.007006
node_num,edge_num,0.007536
node_num,edge_num,0.007998
node_num,edge_num,0.006995
node_num,edge_num,0.007770
node_num,edge_num,0.007008
node_num,edge_num,0.010998
node_num,edge_num,0.007999
node_num,edge_num,0.008990
node_num,edge_num,0.008640
node_num,edge_num,0.006991
node_num,edge_num,0.006998
node_num,edge_num,0.006995
node_num,edge_num,0.006993
node_num,edge_num,0.007000
node_num,edge_num,0.007998
node_num,edge_num,0.008103
node_num,edge_num,0.007963
node_num,edge_num,0.007071
node_num,edge_num,0.008017
node_num,edge_num,0.008005
node_num,edge_num,0.006986
node_num,edge_num,0.007001
node_num,edge_num,0.008009
node_num,edge_num,0.007999
node_num,edge_num,0.006996
node_num,edge_num,0.006917
